Symbol;last price;price 3mo;price 6mo;price 9mo;price 12mo;change 3mo;change 6mo;change 9mo;change 12mo;Weighted Change;Relative Strength Rating
PLTR;61.26;41.56;26.89;21.97;16.09;47.4;127.82;178.83;280.73;136.44;99
UAL;90.38;78.26;45.42;51.46;41.38;15.49;98.99;75.63;118.41;64.8;99
TRGP;199.0;166.21;133.92;112.19;83.08;19.73;48.6;77.38;139.53;60.99;99
VST;146.63;124.66;78.83;75.2;40.46;17.62;86.01;94.99;262.41;95.73;99
AXON;600.0;423.5;300.01;313.66;249.06;41.68;99.99;91.29;140.91;83.11;99
NVDA;140.15;132.75;117.0;86.38;61.51;5.57;19.79;62.25;127.85;44.21;98
HWM;113.09;99.56;95.49;66.55;56.03;13.59;18.43;69.93;101.84;43.48;98
TSLA;338.74;249.85;232.07;183.28;187.29;35.58;45.96;84.82;80.86;56.56;98
RCL;231.76;205.87;156.35;139.3;127.2;12.58;48.23;66.37;82.2;44.39;98
FICO;2272.31;1993.11;1600.0;1133.33;1198.83;14.01;42.02;100.5;89.54;52.02;98
KMI;27.78;24.23;20.61;17.55;15.98;14.65;34.79;58.29;73.84;39.24;97
WMB;57.86;51.82;42.0;37.03;33.04;11.66;37.76;56.25;75.12;38.49;97
OKE;111.36;94.75;81.5;76.44;65.01;17.53;36.64;45.68;71.3;37.74;97
ORCL;185.73;167.46;138.75;112.81;110.35;10.91;33.86;64.64;68.31;37.73;97
KKR;152.26;137.85;122.89;92.49;85.83;10.45;23.9;64.62;77.4;37.36;97
CCL;24.51;22.0;16.66;14.82;16.58;11.41;47.12;65.38;47.83;36.63;96
TPR;56.55;47.05;39.43;38.97;37.46;20.19;43.42;45.11;50.96;35.97;96
FTNT;91.88;78.66;58.04;63.18;64.49;16.81;58.3;45.43;42.47;35.96;96
SYF;63.76;54.59;50.0;43.02;38.02;16.8;27.52;48.21;67.7;35.41;96
IP;57.23;54.54;45.14;33.49;33.85;4.93;26.78;70.89;69.07;35.32;96
MTB;214.82;193.15;169.3;140.66;133.16;11.22;26.89;52.72;61.32;32.67;95
NFLX;847.05;756.03;628.35;550.64;564.11;12.04;34.81;53.83;50.16;32.58;95
MS;133.78;115.34;101.49;88.51;84.17;15.99;31.82;51.15;58.94;34.78;95
DFS;173.22;147.65;142.43;124.65;102.96;17.32;21.62;38.97;68.24;32.69;95
GDDY;185.02;166.8;145.45;122.38;106.66;10.92;27.21;51.18;73.47;34.74;95
LYV;132.6;117.14;96.19;88.91;88.85;13.2;37.85;49.14;49.24;32.53;94
BX;183.01;166.89;140.6;113.7;121.34;9.66;30.16;60.96;50.82;32.25;94
DAL;63.24;57.05;42.66;49.54;38.72;10.85;48.24;27.65;63.33;32.18;94
GRMN;209.27;197.54;169.75;142.5;117.18;5.94;23.28;46.86;78.59;32.12;94
RJF;163.42;147.68;115.15;120.68;108.55;10.66;41.92;35.42;50.55;29.84;94
MSI;490.35;448.35;397.0;336.55;316.1;9.37;23.51;45.7;55.12;28.61;93
BKNG;5017.78;4665.43;3697.9;3427.36;3482.41;7.55;35.69;46.4;44.09;28.26;93
AMP;563.39;506.94;425.72;406.22;380.04;11.14;32.34;38.69;48.24;28.31;93
GS;587.99;514.74;502.99;418.68;373.72;14.23;16.9;40.44;57.33;28.63;93
PODD;260.68;231.53;194.35;171.94;190.87;12.59;34.13;51.61;36.57;29.5;93
NRG;92.81;89.5;74.42;71.55;51.83;3.7;24.71;29.71;79.07;28.18;92
TMUS;237.03;222.44;181.0;162.37;158.77;6.56;30.96;45.98;49.29;27.87;92
FOX;42.75;38.68;35.18;28.2;29.51;10.52;21.52;51.6;44.87;27.81;92
TT;409.27;369.25;332.58;314.79;249.18;10.84;23.06;30.01;64.25;27.8;92
PWR;328.41;301.54;265.21;258.3;193.78;8.91;23.83;27.14;69.48;27.65;92
K;80.6;80.08;57.2;56.35;52.75;0.65;40.91;43.03;52.8;27.61;91
WELL;136.33;133.45;109.39;93.08;83.92;2.16;24.63;46.47;62.45;27.57;91
CMI;364.02;327.02;288.37;277.38;233.21;11.31;26.23;31.24;56.09;27.24;91
HBAN;17.8;15.42;14.61;13.0;12.15;15.43;21.83;36.92;46.5;27.22;91
WFC;73.67;64.06;58.22;57.79;48.46;15.0;26.54;27.48;52.02;27.21;91
NCLH;26.1;25.34;18.43;18.92;17.8;3.0;41.62;37.95;46.63;26.44;90
CHRW;109.99;102.41;87.89;69.5;81.7;7.4;25.15;58.26;34.63;26.57;90
RF;26.33;23.62;21.86;18.58;17.75;11.47;20.45;41.71;48.34;26.69;90
JCI;83.65;75.18;70.8;64.03;51.49;11.27;18.15;30.64;62.46;26.76;90
FI;212.74;197.9;163.57;152.67;141.87;7.5;30.06;39.35;49.95;26.87;90
IRM;115.5;122.97;101.18;75.86;65.44;-6.07;14.15;52.25;76.5;26.15;89
GNRC;181.94;165.55;155.68;135.96;113.67;9.9;16.87;33.82;60.06;26.11;89
BKR;42.83;37.64;38.02;31.8;27.63;13.79;12.65;34.69;55.01;25.99;89
FOXA;45.38;41.72;37.79;30.53;31.8;8.77;20.08;48.64;42.7;25.79;89
EXPE;180.4;156.31;127.67;134.63;148.33;15.41;41.3;34.0;21.62;25.55;89
ETR;148.07;152.06;112.72;102.5;94.74;-2.62;31.36;44.46;56.29;25.37;88
WMT;84.08;81.72;68.21;58.78;54.35;2.89;23.27;43.04;54.7;25.36;88
CBRE;132.67;130.97;112.71;86.89;86.31;1.3;17.71;52.69;53.71;25.34;88
KEY;19.23;17.04;15.71;13.91;13.71;12.85;22.41;38.25;40.26;25.32;88
CFG;46.57;41.7;41.83;33.04;31.29;11.68;11.33;40.95;48.83;24.89;88
MO;56.34;53.41;47.04;41.13;36.8;5.49;19.77;36.98;53.1;24.17;87
PH;690.05;630.82;556.65;538.97;457.79;9.39;23.96;28.03;50.74;24.3;87
NTRS;108.93;99.68;87.11;80.21;76.82;9.28;25.05;35.81;41.8;24.24;87
AIZ;221.6;191.0;173.51;172.3;165.2;16.02;27.72;28.61;34.14;24.5;87
GM;56.25;50.63;44.09;44.17;38.38;11.1;27.58;27.35;46.56;24.74;87
BK;78.65;74.9;64.19;55.32;53.89;5.01;22.53;42.17;45.95;24.13;86
PNC;206.83;186.7;177.89;149.03;145.54;10.78;16.27;38.78;42.11;23.74;86
MMM;129.48;127.11;125.32;93.28;75.06;1.86;3.32;38.81;72.5;23.67;86
DELL;136.01;123.19;112.89;123.29;81.62;10.41;20.48;10.32;66.64;23.65;86
PKG;238.11;227.58;197.34;169.63;161.46;4.63;20.66;40.37;47.47;23.55;86
BLK;1049.97;975.26;865.64;740.69;754.96;7.66;21.29;41.76;39.08;23.49;85
PNR;105.87;98.89;87.41;78.45;72.34;7.06;21.12;34.95;46.35;23.31;85
EMR;128.63;107.28;115.51;105.78;89.5;19.9;11.36;21.6;43.72;23.3;85
NOW;1005.34;932.99;814.39;693.33;765.4;7.75;23.45;45.0;31.35;23.06;85
PM;131.72;131.23;112.42;91.41;86.28;0.37;17.17;44.1;52.67;22.94;85
TRMB;69.88;60.5;54.54;60.07;50.86;15.5;28.13;16.33;37.4;22.57;84
CRWD;342.97;296.87;231.96;292.54;292.5;15.53;47.86;17.24;17.25;22.68;84
COF;182.27;161.54;149.61;141.1;132.36;12.83;21.83;29.18;37.71;22.88;84
NI;36.81;34.89;30.75;26.88;25.06;5.5;19.71;36.94;46.89;22.91;84
ISRG;531.64;503.84;444.61;370.62;378.22;5.52;19.57;43.45;40.56;22.92;84
JPM;245.03;220.57;210.34;188.42;170.29;11.09;16.49;30.04;43.89;22.52;83
EQT;44.09;36.2;34.06;39.38;34.65;21.8;29.45;11.96;27.24;22.45;83
BAC;46.72;41.55;39.81;36.29;33.09;12.44;17.36;28.74;41.19;22.43;83
CEG;229.92;262.06;188.86;184.66;120.88;-12.26;21.74;24.51;90.21;22.39;83
APD;327.89;308.68;260.48;231.62;249.01;6.22;25.88;41.56;31.68;22.31;83
CINF;152.13;140.0;128.92;113.42;107.83;8.66;18.0;34.13;41.08;22.11;82
NDAQ;79.78;73.68;67.18;59.19;56.91;8.28;18.76;34.79;40.19;22.06;82
T;22.99;22.25;18.72;16.16;16.66;3.33;22.81;42.26;38.0;21.95;82
SRE;92.92;82.75;78.81;69.9;69.26;12.29;17.9;32.93;34.16;21.91;82
SPG;180.85;167.01;149.56;135.22;131.45;8.29;20.92;33.75;37.58;21.77;82
VTR;63.86;65.03;53.58;43.13;44.79;-1.8;19.19;48.06;42.58;21.25;81
RL;207.83;197.1;174.04;161.53;141.08;5.44;19.42;28.66;47.31;21.25;81
BSX;90.45;84.02;73.88;71.87;63.26;7.65;22.43;25.85;42.98;21.31;81
SNA;357.34;327.91;283.18;262.55;282.18;8.98;26.19;36.1;26.64;21.38;81
PEG;89.43;88.74;78.53;67.38;56.05;0.78;13.88;32.72;59.55;21.54;81
AFL;112.04;104.29;94.38;82.25;82.51;7.43;18.71;36.22;35.79;21.12;80
CTAS;215.81;203.76;188.71;162.26;147.51;5.91;14.36;33.0;46.3;21.1;80
PYPL;84.67;79.3;65.78;67.92;61.35;6.77;28.72;24.66;38.01;20.99;80
INCY;76.97;74.12;65.07;52.05;58.77;3.85;18.29;47.88;30.97;20.97;80
GLW;46.16;46.99;39.21;32.43;31.26;-1.77;17.73;42.34;47.66;20.84;80
DECK;176.45;160.89;153.77;136.41;125.62;9.67;14.75;29.35;40.46;20.78;79
FITB;46.82;43.3;41.57;35.45;32.95;8.13;12.63;32.07;42.09;20.61;79
KIM;25.1;23.48;21.24;17.99;19.19;6.9;18.17;39.52;30.8;20.46;79
DLR;183.29;176.88;147.15;135.45;135.86;3.62;24.56;35.32;34.91;20.41;79
HPE;21.38;19.35;19.65;16.66;14.86;10.49;8.8;28.33;43.88;20.4;79
DVA;157.41;139.81;136.62;139.01;108.16;12.59;15.22;13.24;45.53;19.83;78
SCHW;81.11;70.31;64.5;72.87;61.72;15.36;25.75;11.31;31.42;19.84;78
PGR;256.52;242.73;213.93;207.97;177.12;5.68;19.91;23.34;44.83;19.89;78
EBAY;61.41;57.25;55.07;50.77;40.21;7.27;11.51;20.96;52.72;19.95;78
WAB;195.26;187.55;160.59;160.29;130.73;4.11;21.59;21.82;49.36;20.2;78
FFIV;239.99;233.88;203.64;165.31;183.7;2.61;17.85;45.18;30.64;19.78;77
BRO;109.63;104.36;99.01;81.06;77.1;5.05;10.73;35.25;42.19;19.65;77
AEE;92.35;86.42;77.91;71.94;67.21;6.86;18.53;28.37;37.41;19.61;77
ADSK;302.05;283.8;247.52;212.85;253.81;6.43;22.03;41.91;19.01;19.16;77
ETN;356.83;329.54;302.01;314.38;242.11;8.28;18.15;13.5;47.38;19.12;77
STT;96.12;92.0;83.45;70.56;71.27;4.48;15.18;36.22;34.87;19.05;76
ZBRA;384.28;381.97;351.19;314.56;239.55;0.6;9.42;22.16;60.42;18.64;76
AXP;285.54;269.38;251.63;232.01;198.36;6.0;13.48;23.07;43.95;18.5;76
CPAY;364.57;329.72;291.82;302.14;289.93;10.57;24.93;20.66;25.74;18.49;76
GWW;1170.11;1105.0;971.0;914.08;886.45;5.89;20.51;28.01;32.0;18.46;76
CHTR;385.02;327.61;379.72;255.94;370.71;17.52;1.4;50.43;3.86;18.15;75
TFC;46.26;42.04;43.06;35.66;34.59;10.04;7.43;29.73;33.74;18.2;75
GE;177.52;171.53;169.66;161.02;105.09;3.49;4.63;10.25;68.92;18.16;75
GEN;29.16;28.84;25.63;19.74;22.87;1.11;13.77;47.72;27.5;18.24;75
FIS;88.42;89.34;76.14;66.96;60.84;-1.03;16.13;32.05;45.33;18.29;75
ATO;146.97;137.92;126.19;115.52;110.85;6.56;16.47;27.22;32.58;17.88;74
HPQ;37.43;35.23;35.52;27.4;27.75;6.24;5.38;36.61;34.88;17.87;74
TRV;262.69;244.87;214.43;209.24;207.31;7.28;22.51;25.54;26.71;17.86;74
XEL;69.94;66.24;57.2;52.17;57.65;5.59;22.27;34.06;21.32;17.77;74
KVUE;23.51;22.51;17.96;18.1;19.76;4.44;30.9;29.89;18.98;17.73;74
ESS;302.54;281.5;273.57;239.52;224.82;7.47;10.59;26.31;34.57;17.28;73
COST;918.29;873.02;819.74;718.7;674.25;5.19;12.02;27.77;36.19;17.27;73
TTWO;182.93;161.72;150.53;142.81;164.93;13.12;21.52;28.09;10.91;17.35;73
AON;379.81;365.44;327.23;280.24;295.94;3.93;16.07;35.53;28.34;17.56;73
PPL;34.0;32.3;29.22;26.73;25.28;5.26;16.36;27.2;34.49;17.71;73
ANET;370.47;386.44;346.55;256.56;258.68;-4.13;6.9;44.4;43.22;17.25;72
HLT;248.89;234.55;214.23;196.73;190.26;6.11;16.18;26.51;30.82;17.15;72
MCK;615.6;499.95;615.56;535.31;497.44;23.13;0.01;15.0;23.75;17.0;72
BMY;56.8;55.15;46.33;42.31;46.52;2.99;22.6;34.25;22.1;16.99;72
ALL;199.97;185.61;169.33;167.32;151.75;7.74;18.09;19.51;31.78;16.97;72
META;554.4;567.04;473.91;428.88;388.97;-2.23;16.98;29.27;42.53;16.86;71
MAA;158.52;149.89;136.98;125.99;121.12;5.76;15.72;25.82;30.88;16.79;71
CLX;169.1;156.0;129.81;144.29;140.54;8.4;30.27;17.19;20.32;16.92;71
HIG;118.13;109.99;109.97;95.59;85.27;7.4;7.42;23.58;38.54;16.87;71
EVRG;63.87;59.78;56.7;50.64;48.39;6.84;12.65;26.13;31.99;16.89;71
USB;50.61;47.78;43.84;39.24;39.67;5.92;15.44;28.98;27.58;16.77;70
PNW;90.63;86.0;83.83;71.29;65.85;5.38;8.11;27.13;37.63;16.73;70
CRM;322.25;290.91;257.99;267.75;279.85;10.77;24.91;20.35;15.15;16.39;70
NWS;31.45;28.93;28.39;24.36;25.38;8.71;10.78;29.11;23.92;16.25;70
PANW;386.83;360.33;324.73;290.89;338.51;7.35;19.12;32.98;14.27;16.21;70
PSA;337.29;326.31;290.24;251.85;271.92;3.36;16.21;33.92;24.04;16.18;69
MAR;281.45;259.28;226.05;234.33;237.3;8.55;24.51;20.11;18.61;16.07;69
LNT;61.81;59.51;54.74;48.5;46.93;3.86;12.92;27.44;31.71;15.96;69
DIS;113.54;96.2;93.26;110.59;95.3;18.02;21.75;2.67;19.14;15.92;69
WEC;98.43;93.83;83.7;79.52;76.95;4.9;17.6;23.78;27.91;15.82;69
TYL;601.19;605.59;568.11;461.55;422.75;-0.73;5.82;30.25;42.21;15.36;68
EA;164.01;150.66;150.53;126.31;136.83;8.86;8.96;29.85;19.86;15.28;68
AVB;229.22;219.94;201.7;184.83;173.02;4.22;13.64;24.02;32.48;15.72;68
GILD;88.46;88.0;74.44;63.17;75.14;0.52;18.83;40.03;17.73;15.53;68
HUBB;444.93;425.71;393.2;367.0;331.01;4.51;13.16;21.23;34.42;15.57;68
URI;831.38;809.39;752.13;661.97;617.68;2.72;10.54;25.59;34.6;15.23;67
CPT;119.89;114.83;108.8;96.87;90.27;4.41;10.19;23.76;32.81;15.12;67
TJX;119.3;112.29;111.86;92.81;93.27;6.24;6.65;28.54;27.91;15.12;67
UDR;44.44;41.78;39.27;36.9;34.52;6.37;13.17;20.43;28.74;15.02;67
PAYC;218.9;208.55;166.05;186.76;188.61;4.96;31.83;17.21;16.06;15.0;67
APH;69.88;66.85;63.99;60.01;50.13;4.53;9.2;16.45;39.4;14.82;66
CSCO;57.31;54.35;47.67;45.85;48.6;5.45;20.22;24.99;17.92;14.81;66
DGX;162.11;154.07;140.84;135.98;125.73;5.22;15.1;19.22;28.94;14.74;66
WTW;312.7;301.28;280.49;248.75;243.1;3.79;11.48;25.71;28.63;14.68;66
HON;227.73;203.56;201.57;188.7;196.87;11.87;12.98;20.68;15.68;14.62;66
LUV;32.33;30.39;26.61;25.49;29.19;6.38;21.5;26.83;10.76;14.37;65
SYK;389.4;355.49;325.96;334.2;332.29;9.54;19.46;16.52;17.19;14.45;65
CARR;74.05;72.53;67.52;60.96;54.06;2.1;9.67;21.47;36.98;14.46;65
CAH;120.03;108.02;99.85;101.59;107.11;11.12;20.21;18.15;12.06;14.53;65
FAST;81.8;77.78;69.99;66.82;66.31;5.17;16.87;22.42;23.36;14.6;65
PCG;21.04;20.21;18.23;17.08;16.83;4.11;15.41;23.19;25.01;14.37;64
REG;73.77;70.8;66.0;57.41;60.12;4.19;11.77;28.5;22.7;14.27;64
LOW;271.77;260.72;243.29;224.86;208.86;4.24;11.71;20.86;30.12;14.23;64
AVGO;165.67;169.21;159.65;128.64;116.21;-2.09;3.77;28.79;42.56;14.19;64
ADP;297.89;287.79;259.8;237.92;240.29;3.51;14.66;25.21;23.97;14.17;64
DOV;200.53;188.8;183.23;177.74;147.94;6.21;9.44;12.82;35.55;14.05;63
EQR;74.42;69.76;68.35;62.54;57.84;6.68;8.88;19.0;28.67;13.98;63
AMZN;201.7;186.4;186.98;175.0;155.2;8.21;7.87;15.26;29.96;13.9;63
C;68.39;63.0;63.15;59.13;53.46;8.56;8.3;15.66;27.93;13.8;63
MET;82.79;77.25;75.12;68.93;66.64;7.17;10.21;20.11;24.23;13.78;63
HD;410.44;391.37;363.41;327.95;344.03;4.87;12.94;25.15;19.3;13.43;62
AJG;293.59;280.63;282.24;233.08;230.05;4.62;4.02;25.96;27.62;13.37;62
VTRS;13.0;11.48;11.8;11.21;11.26;13.24;10.17;15.97;15.45;13.61;62
SHW;374.66;357.39;348.66;297.12;301.16;4.83;7.46;26.1;24.41;13.53;62
BXP;78.41;79.58;69.32;59.19;62.73;-1.47;13.11;32.47;25.0;13.53;62
V;311.57;288.72;264.15;266.57;270.61;7.91;17.95;16.88;15.14;13.16;61
WBD;9.47;8.13;8.65;7.36;10.02;16.48;9.48;28.67;-5.49;13.12;61
DAY;74.65;70.95;59.28;61.37;69.52;5.21;25.93;21.64;7.38;13.07;61
EOG;136.54;121.09;125.02;129.4;109.17;12.76;9.21;5.52;25.07;13.06;61
EIX;84.08;81.65;78.43;68.86;64.68;2.98;7.2;22.1;29.99;13.05;61
PRU;128.14;121.1;122.58;106.78;100.09;5.81;4.54;20.0;28.02;12.84;60
AAPL;227.77;225.4;221.28;169.5;183.26;1.05;2.93;34.38;24.29;12.74;60
SBUX;99.78;96.52;76.43;86.24;90.17;3.38;30.55;15.7;10.66;12.73;60
CAT;384.46;374.85;343.56;330.81;295.57;2.56;11.9;16.22;30.07;12.66;60
GL;109.75;105.36;92.26;75.61;121.69;4.17;18.96;45.15;-9.81;12.53;60
TSN;64.54;58.15;59.92;59.13;52.83;10.99;7.71;9.15;22.17;12.2;59
CF;86.87;81.24;74.96;76.99;73.25;6.93;15.89;12.83;18.59;12.23;59
MCO;471.94;453.21;454.7;368.06;388.81;4.13;3.79;28.22;21.38;12.33;59
TXN;207.18;201.83;199.73;172.89;155.68;2.65;3.73;19.83;33.08;12.39;59
TAP;61.87;54.02;51.98;55.92;59.94;14.53;19.03;10.64;3.22;12.39;59
MKTX;267.33;288.49;222.05;198.12;222.56;-7.33;20.39;34.93;20.12;12.16;58
NTAP;119.34;114.82;125.94;100.89;85.58;3.94;-5.24;18.29;39.45;12.08;58
WRB;60.83;56.84;54.39;50.56;53.32;7.02;11.84;20.31;14.08;12.05;58
PAYX;140.83;137.31;125.14;115.3;117.22;2.56;12.54;22.14;20.14;11.99;58
IBM;206.46;203.33;187.13;160.4;175.26;1.54;10.33;28.72;17.8;11.99;58
J;140.35;140.29;121.42;118.84;111.59;0.04;15.59;18.1;25.77;11.91;57
EQIX;905.19;899.16;778.28;696.95;808.7;0.67;16.31;29.88;11.93;11.89;57
ORLY;1216.67;1153.14;1126.34;1013.26;1023.05;5.51;8.02;20.07;18.93;11.61;57
VRSK;280.36;274.32;260.98;216.96;240.09;2.2;7.43;29.22;16.77;11.56;57
D;57.71;58.82;52.16;49.06;43.37;-1.89;10.64;17.63;33.06;11.51;57
BR;227.08;209.98;212.24;191.06;200.89;8.14;6.99;18.85;13.04;11.03;56
RTX;118.76;119.71;115.55;99.19;88.38;-0.79;2.78;19.73;34.37;11.06;56
ICE;157.69;155.44;150.64;127.56;125.69;1.45;4.68;23.62;25.46;11.33;56
BBY;89.0;89.57;84.84;71.34;69.35;-0.64;4.9;24.75;28.33;11.34;56
SO;87.32;89.54;81.41;70.89;66.38;-2.48;7.26;23.18;31.55;11.41;56
MA;521.63;498.93;462.41;449.31;446.65;4.55;12.81;16.1;16.79;10.96;55
EXR;164.9;161.81;156.55;130.25;138.56;1.91;5.33;26.6;19.01;10.95;55
FDX;295.21;272.51;299.14;257.78;236.49;8.33;-1.31;14.52;24.83;10.94;55
AME;193.24;183.03;172.91;173.82;161.01;5.58;11.76;11.17;20.02;10.82;55
RSG;209.08;197.43;193.22;190.08;169.13;5.9;8.21;10.0;23.62;10.73;55
FDS;485.93;452.93;411.01;413.91;471.5;7.29;18.23;17.4;3.06;10.65;54
UNH;589.65;562.51;571.7;478.07;504.06;4.82;3.14;23.34;16.98;10.62;54
NWSA;28.61;27.15;27.48;23.62;24.45;5.38;4.11;21.13;17.01;10.6;54
KR;57.75;55.13;53.59;54.11;44.79;4.75;7.76;6.73;28.94;10.59;54
MRO;28.88;27.49;27.72;26.41;22.37;5.06;4.18;9.35;29.1;10.55;54
IT;520.73;502.5;501.19;412.59;457.44;3.63;3.9;26.21;13.84;10.24;53
TROW;118.66;108.56;111.66;105.99;103.67;9.3;6.27;11.95;14.46;10.26;53
PCAR;111.59;103.68;97.82;104.93;95.74;7.63;14.08;6.35;16.56;10.45;53
IVZ;17.27;16.93;16.63;13.48;14.83;2.01;3.85;28.12;16.45;10.49;53
WAT;355.47;323.11;336.28;309.04;317.71;10.02;5.71;15.02;11.89;10.53;53
RMD;238.9;241.37;211.81;212.01;187.84;-1.02;12.79;12.68;27.18;10.12;52
CNP;31.15;29.3;27.35;28.51;27.14;6.31;13.89;9.26;14.78;10.11;52
CPRT;56.63;51.47;52.33;54.31;48.04;10.03;8.22;4.27;17.88;10.09;52
STLD;140.69;130.02;132.25;128.76;119.01;8.21;6.38;9.27;18.22;10.06;52
LH;238.64;227.56;213.98;199.35;219.32;4.87;11.52;19.71;8.81;9.96;52
IR;101.63;95.96;100.34;93.24;79.77;5.91;1.29;9.0;27.4;9.9;51
CHD;110.0;99.37;97.22;106.71;98.46;10.7;13.15;3.08;11.72;9.87;51
ROL;49.89;46.84;47.45;43.97;42.57;6.51;5.14;13.46;17.2;9.76;51
SPGI;503.0;479.49;482.83;413.34;444.7;4.9;4.18;21.69;13.11;9.76;51
L;84.41;78.9;79.82;74.96;72.61;6.98;5.75;12.61;16.25;9.71;51
NSC;260.81;247.72;245.41;225.19;228.37;5.28;6.28;15.82;14.21;9.37;50
CB;288.73;281.55;273.84;246.18;241.66;2.55;5.44;17.28;19.48;9.46;50
MSCI;591.55;568.07;536.04;460.44;590.1;4.13;10.36;28.47;0.25;9.47;50
DUK;112.47;113.13;106.17;94.41;91.02;-0.58;5.93;19.13;23.57;9.49;50
TDY;465.89;455.32;421.86;381.48;418.47;2.32;10.44;22.13;11.33;9.71;50
CME;227.56;224.18;191.6;206.27;196.57;1.51;18.77;10.32;15.77;9.58;50
DD;81.89;82.61;82.93;71.44;60.59;-0.87;-1.25;14.63;35.15;9.36;49
CMS;67.98;68.55;63.29;58.65;54.82;-0.83;7.41;15.91;24.01;9.13;49
INTU;678.81;609.28;645.37;622.84;627.58;11.41;5.18;8.99;8.16;9.03;49
MHK;138.47;134.27;161.07;115.32;104.25;3.13;-14.03;20.07;32.82;9.02;49
NEE;76.39;78.74;75.41;65.51;56.89;-2.98;1.3;16.61;34.28;9.25;49
LDOS;158.84;182.71;143.66;139.09;109.2;-13.06;10.57;14.2;45.46;8.82;48
TSCO;276.82;264.43;261.23;269.66;220.64;4.69;5.97;2.66;25.46;8.69;48
EMN;104.01;104.26;101.68;92.13;80.77;-0.24;2.29;12.89;28.77;8.69;48
ODFL;213.99;201.05;209.58;180.98;194.53;6.44;2.1;18.24;10.0;8.64;48
LHX;243.12;245.08;223.55;209.76;203.0;-0.8;8.75;15.9;19.76;8.56;48
PFG;86.07;81.67;80.09;77.09;76.35;5.39;7.47;11.65;12.73;8.53;47
OTIS;100.38;97.41;93.36;89.76;86.69;3.05;7.52;11.83;15.79;8.25;47
AEP;95.56;96.92;95.36;82.66;74.24;-1.4;0.21;15.61;28.72;8.35;47
ECL;245.97;245.18;229.63;224.55;196.24;0.32;7.12;9.54;25.34;8.53;47
VLTO;102.84;102.11;106.38;93.42;76.4;0.71;-3.33;10.08;34.61;8.56;47
NVR;8865.63;9152.81;8607.48;7438.85;7075.29;-3.14;3.0;19.18;25.3;8.24;46
GOOGL;175.3;170.88;171.12;162.38;139.75;2.59;2.44;7.96;25.44;8.2;46
GOOG;176.8;172.46;172.73;164.24;141.45;2.52;2.36;7.65;24.99;8.01;46
EPAM;233.4;188.65;215.13;235.26;278.11;23.72;8.49;-0.79;-16.08;7.81;46
VMC;278.27;272.95;273.04;255.81;223.95;1.95;1.92;8.78;24.26;7.77;46
LMT;530.96;543.02;535.31;455.91;418.1;-2.22;-0.81;16.46;26.99;7.64;45
ABT;117.36;112.84;104.89;104.4;110.94;4.01;11.89;12.41;5.79;7.62;45
CVX;159.14;145.69;155.52;154.61;139.87;9.23;2.33;2.93;13.78;7.5;45
MMC;223.67;217.44;220.92;197.26;191.05;2.87;1.24;13.39;17.07;7.49;45
WM;218.31;215.07;201.18;205.77;182.86;1.51;8.51;6.09;19.39;7.4;45
VICI;31.89;31.35;30.4;27.37;28.5;1.72;4.9;16.51;11.89;7.35;44
PHM;128.57;129.35;131.58;110.87;103.84;-0.6;-2.29;15.96;23.82;7.26;44
TDG;1252.35;1233.47;1225.82;1182.07;998.23;1.53;2.16;5.95;25.46;7.33;44
ITW;270.06;259.65;244.42;240.02;255.17;4.01;10.49;12.52;5.84;7.37;44
DRI;164.45;158.61;143.55;149.29;156.95;3.68;14.56;10.15;4.78;7.37;44
XOM;119.33;114.9;115.74;114.37;98.52;3.86;3.1;4.34;21.12;7.26;43
FSLR;195.56;194.48;215.99;176.3;146.3;0.56;-9.46;10.92;33.67;7.25;43
ROK;281.83;264.2;274.76;265.99;247.42;6.67;2.57;5.96;13.91;7.16;43
JBL;128.21;122.92;112.44;117.05;124.88;4.3;14.03;9.53;2.67;6.97;43
FRT;112.53;109.78;109.39;100.98;97.59;2.51;2.87;11.44;15.31;6.93;43
EXC;38.84;38.51;36.09;36.08;33.11;0.86;7.62;7.65;17.31;6.86;42
CMG;58.81;55.77;54.32;63.19;48.18;5.45;8.27;-6.93;22.06;6.86;42
IEX;226.66;213.93;206.45;218.31;208.8;5.95;9.79;3.82;8.55;6.81;42
FE;41.26;40.98;40.62;36.74;34.76;0.68;1.58;12.3;18.7;6.79;42
PG;170.75;164.21;158.86;160.24;153.32;3.98;7.48;6.56;11.37;6.67;42
TGT;156.56;148.88;148.22;157.47;134.65;5.16;5.63;-0.58;16.27;6.33;41
CBOE;205.77;213.57;183.51;181.15;183.29;-3.65;12.13;13.59;12.26;6.14;41
ACN;352.79;343.42;327.84;297.23;358.12;2.73;7.61;18.69;-1.49;6.05;41
CDNS;294.33;276.12;267.66;275.63;288.46;6.59;9.96;6.78;2.03;6.39;41
AZO;3166.93;3009.0;3133.69;2956.4;2762.13;5.25;1.06;7.12;14.66;6.67;41
ALLE;138.64;139.16;135.8;120.23;122.07;-0.37;2.09;15.31;13.57;6.05;40
LVS;48.95;51.38;39.14;43.59;47.88;-4.73;25.06;12.3;2.23;6.03;40
VZ;42.25;41.48;39.25;37.65;39.7;1.86;7.64;12.22;6.42;6.0;40
CTRA;25.91;23.52;25.17;26.49;23.91;10.16;2.94;-2.19;8.36;5.89;40
CTSH;76.87;74.3;75.06;64.89;75.88;3.46;2.41;18.46;1.3;5.82;40
UHS;197.94;204.14;213.36;169.9;158.08;-3.04;-7.23;16.5;25.22;5.68;39
DTE;120.5;123.21;118.47;107.42;101.72;-2.2;1.71;12.18;18.46;5.59;39
INVH;34.15;31.16;34.71;33.39;31.62;9.6;-1.61;2.28;8.0;5.57;39
KMX;77.1;72.38;84.44;67.97;71.18;6.52;-8.69;13.43;8.32;5.22;39
F;11.06;10.0;10.39;11.36;10.95;10.6;6.45;-2.64;1.0;5.2;39
MDT;87.59;88.55;78.99;78.26;84.67;-1.08;10.89;11.92;3.45;4.82;38
MAS;76.8;79.32;76.95;67.39;65.92;-3.18;-0.19;13.96;16.5;4.78;38
COR;242.32;227.07;236.29;236.95;230.03;6.72;2.55;2.27;5.34;4.72;38
DOC;20.59;21.84;20.89;17.51;17.11;-5.72;-1.44;17.59;20.34;5.01;38
KMB;136.01;133.07;132.74;132.89;116.61;2.21;2.46;2.35;16.64;5.17;38
AWK;135.89;136.59;140.0;119.59;120.56;-0.51;-2.94;13.63;12.72;4.48;37
GPN;116.06;103.47;101.14;121.93;132.07;12.17;14.75;-4.81;-12.12;4.43;37
CTVA;56.99;60.74;55.77;53.66;44.92;-6.17;2.19;6.21;26.87;4.59;37
STX;97.02;99.7;100.82;84.09;83.16;-2.69;-3.77;15.38;16.67;4.58;37
ANSS;336.4;320.41;313.63;324.88;327.83;4.99;7.26;3.55;2.61;4.68;37
PTC;189.26;185.33;177.85;177.44;180.65;2.12;6.42;6.66;4.77;4.42;36
MCD;291.1;290.42;262.16;268.18;285.8;0.23;11.04;8.55;1.85;4.38;36
HAS;61.69;64.93;63.78;59.99;47.24;-4.99;-3.28;2.83;30.59;4.03;36
FANG;181.0;173.8;196.96;192.56;144.07;4.14;-8.1;-6.0;25.63;3.96;36
ACGL;92.22;93.72;91.08;88.95;78.38;-1.6;1.25;3.68;17.66;3.88;36
DE;404.53;403.27;369.23;387.08;387.8;0.31;9.56;4.51;4.31;3.8;35
CTLT;58.78;58.6;59.34;55.85;51.64;0.31;-0.94;5.25;13.83;3.75;35
CL;94.62;93.24;98.2;90.47;82.38;1.48;-3.65;4.59;14.86;3.75;35
LEN;167.92;169.83;175.83;150.18;147.95;-1.12;-4.5;11.81;13.5;3.71;35
HSIC;73.89;70.23;71.94;69.28;74.84;5.21;2.71;6.65;-1.27;3.7;35
VRTX;467.01;475.98;495.72;392.81;433.38;-1.88;-5.79;18.89;7.76;3.42;34
SBAC;220.62;227.42;216.5;182.73;218.98;-2.99;1.9;20.74;0.75;3.48;34
MSFT;415.76;405.62;416.85;387.21;394.62;2.5;-0.26;7.37;5.36;3.49;34
JBHT;183.58;179.75;171.87;161.05;198.62;2.13;6.81;13.99;-7.57;3.5;34
OMC;98.33;100.32;96.63;90.82;87.69;-1.98;1.76;8.27;12.13;3.64;34
ROP;549.37;536.98;543.27;509.36;534.03;2.31;1.12;7.85;2.87;3.29;33
HES;146.88;133.96;152.36;155.94;138.73;9.64;-3.6;-5.81;5.87;3.15;33
COO;99.48;104.68;93.33;89.06;93.26;-4.97;6.59;11.7;6.67;3.0;33
O;56.52;58.34;55.88;51.34;51.44;-3.12;1.15;10.09;9.88;2.98;33
CMCSA;43.0;43.35;40.63;37.24;45.18;-0.81;5.83;15.47;-4.83;2.97;33
BLDR;178.3;171.4;167.37;182.82;173.73;4.03;6.53;-2.47;2.63;2.95;32
CSX;34.97;33.52;34.85;32.88;35.21;4.33;0.34;6.36;-0.68;2.94;32
AIG;76.31;75.46;78.37;74.14;68.06;1.13;-2.63;2.93;12.12;2.94;32
AMCR;10.15;11.01;10.28;8.61;8.96;-7.81;-1.26;17.89;13.28;2.86;32
ES;62.07;65.15;63.46;58.54;51.81;-4.73;-2.19;6.03;19.8;2.84;32
BWA;34.38;33.52;35.09;32.45;33.46;2.57;-2.02;5.95;2.75;2.36;31
ALB;104.03;94.3;92.9;118.94;113.11;10.32;11.98;-12.54;-8.03;2.41;31
KEYS;151.42;149.01;139.57;147.94;153.26;1.62;8.49;2.35;-1.2;2.58;31
ROST;141.3;139.38;142.52;128.58;138.88;1.38;-0.86;9.89;1.74;2.71;31
CCI;104.59;106.08;106.93;89.8;102.27;-1.4;-2.19;16.47;2.27;2.75;31
VLO;144.01;128.9;159.55;157.72;134.9;11.72;-9.74;-8.69;6.75;2.35;30
LIN;448.57;454.81;450.72;436.97;399.93;-1.37;-0.48;2.65;12.16;2.32;30
TEL;148.36;146.78;153.01;139.69;139.76;1.08;-3.04;6.21;6.15;2.3;30
DPZ;444.9;412.19;425.89;524.04;420.74;7.94;4.46;-15.1;5.74;2.2;30
UBER;69.33;72.05;64.47;66.27;65.27;-3.78;7.54;4.62;6.22;2.16;30
COP;112.97;108.0;108.94;122.2;108.28;4.6;3.7;-7.55;4.33;1.94;29
MLM;581.64;591.46;591.71;584.69;505.55;-1.66;-1.7;-0.52;15.05;1.9;29
EG;373.33;353.75;388.8;361.0;377.69;5.53;-3.98;3.42;-1.15;1.87;29
DHI;161.06;168.32;178.82;141.32;141.41;-4.31;-9.93;13.97;13.9;1.86;29
YUM;134.01;130.51;131.52;139.16;126.98;2.68;1.89;-3.7;5.54;1.82;29
NOC;488.68;507.02;480.29;479.02;439.48;-3.62;1.75;2.02;11.2;1.55;28
ERIE;412.63;447.79;438.59;379.23;341.42;-7.85;-5.92;8.81;20.86;1.61;28
QCOM;164.5;161.93;179.28;163.49;145.47;1.59;-8.24;0.62;13.08;1.73;28
GEHC;82.72;87.32;84.57;76.16;73.25;-5.27;-2.19;8.61;12.93;1.76;28
FTV;74.61;71.35;71.69;75.04;77.84;4.57;4.07;-0.57;-4.15;1.7;28
NDSN;253.45;247.14;248.95;256.11;249.01;2.55;1.81;-1.04;1.78;1.53;27
NEM;42.36;45.22;48.54;39.89;33.54;-6.32;-12.73;6.19;26.3;1.42;27
ED;95.63;99.99;95.08;91.18;87.0;-4.36;0.58;4.88;9.92;1.33;27
PLD;114.65;112.11;124.05;99.69;122.98;2.27;-7.58;15.01;-6.77;1.04;27
GD;286.0;290.21;295.8;282.9;259.74;-1.45;-3.31;1.1;10.11;1.0;27
BG;90.62;82.8;103.03;98.89;85.08;9.44;-12.05;-8.36;6.51;1.0;26
UPS;133.49;130.77;125.77;140.69;133.8;2.08;6.14;-5.12;-0.23;0.99;26
JNJ;154.77;158.66;155.4;141.28;154.03;-2.45;-0.41;9.55;0.48;0.94;26
EXPD;120.33;119.0;124.07;110.64;124.84;1.12;-3.01;8.76;-3.61;0.88;26
SYY;75.76;74.45;75.58;72.83;78.77;1.76;0.24;4.02;-3.82;0.79;26
MNST;53.27;52.68;51.45;53.45;55.02;1.12;3.54;-0.34;-3.18;0.45;25
WY;31.02;30.96;31.34;29.47;31.82;0.19;-1.02;5.26;-2.51;0.42;25
ZTS;176.42;178.36;179.19;158.04;185.97;-1.09;-1.55;11.63;-5.14;0.55;25
JKHY;172.06;181.35;170.38;161.13;163.7;-5.12;0.99;6.78;5.11;0.53;25
AMT;198.84;212.0;217.01;167.41;189.42;-6.21;-8.37;18.77;4.97;0.59;25
MKC;74.62;77.83;76.15;74.8;66.62;-4.12;-2.01;-0.24;12.01;0.3;24
BALL;60.86;59.06;63.45;68.93;54.74;3.05;-4.08;-11.71;11.18;0.3;24
HOLX;78.79;80.87;81.61;75.77;74.44;-2.57;-3.46;3.99;5.84;0.25;24
HCA;335.85;358.14;361.74;308.07;302.49;-6.22;-7.16;9.02;11.03;0.09;24
MPC;159.92;144.77;175.34;179.12;162.34;10.46;-8.79;-10.72;-1.49;-0.02;24
CI;322.45;313.6;345.91;352.74;295.94;2.82;-6.78;-8.59;8.96;-0.15;23
ZBH;113.02;106.68;110.86;119.52;124.56;5.94;1.95;-5.44;-9.26;-0.17;23
XYL;122.46;121.46;132.8;129.64;111.16;0.82;-7.79;-5.54;10.17;-0.3;23
WDC;64.58;65.31;67.05;70.83;57.25;-1.12;-3.68;-8.82;12.8;-0.39;23
LW;76.46;76.86;59.12;81.8;100.24;-0.52;29.33;-6.53;-23.72;-0.39;23
HST;17.41;17.05;17.12;18.27;18.2;2.11;1.69;-4.71;-4.34;-0.63;22
ADI;209.65;222.24;229.56;198.1;189.06;-5.67;-8.67;5.83;10.89;-0.66;22
PSX;130.17;119.75;141.88;138.67;138.46;8.7;-8.25;-6.13;-5.99;-0.59;22
STZ;237.06;230.39;242.13;249.43;240.27;2.9;-2.09;-4.96;-1.34;-0.52;22
UNP;234.41;230.84;244.03;233.36;238.69;1.55;-3.94;0.45;-1.79;-0.44;22
BEN;21.8;20.46;22.22;21.94;25.31;6.55;-1.89;-0.64;-13.87;-0.66;21
POOL;359.63;359.17;370.3;357.93;365.32;0.13;-2.88;0.47;-1.56;-0.74;21
WYNN;90.22;95.45;82.12;90.66;93.13;-5.48;9.86;-0.49;-3.12;-0.94;21
SNPS;523.98;513.61;558.32;530.59;533.35;2.02;-6.15;-1.25;-1.76;-1.02;21
STE;217.09;221.32;237.64;203.15;216.88;-1.91;-8.65;6.86;0.1;-1.1;21
SLB;43.49;39.81;47.67;46.61;47.57;9.24;-8.77;-6.69;-8.58;-1.11;20
KO;61.86;64.87;65.78;60.39;57.71;-4.64;-5.96;2.43;7.19;-1.12;20
VRSN;179.2;176.84;187.01;169.48;198.88;1.33;-4.18;5.74;-9.9;-1.14;20
TXT;83.34;80.4;92.86;84.53;84.63;3.66;-10.25;-1.41;-1.52;-1.17;20
EW;69.89;67.01;63.05;84.67;78.47;4.3;10.85;-17.46;-10.93;-1.79;20
EFX;245.29;264.68;278.57;219.22;242.81;-7.33;-11.95;11.89;1.02;-2.74;19
MU;97.51;99.54;109.6;112.63;85.38;-2.04;-11.03;-13.42;14.21;-2.86;19
ADBE;499.51;478.08;551.65;462.83;617.78;4.48;-9.45;7.93;-19.14;-2.34;19
ALGN;229.9;205.03;231.88;282.38;267.32;12.13;-0.85;-18.58;-14.0;-1.83;19
FCX;43.55;44.88;45.14;49.49;39.19;-2.96;-3.52;-12.0;11.13;-2.06;19
PPG;122.75;123.13;124.96;126.36;137.46;-0.31;-1.77;-2.86;-10.7;-3.19;18
JNPR;35.61;38.68;37.25;34.21;36.02;-7.94;-4.4;4.09;-1.14;-3.47;18
LULU;309.53;297.9;258.66;360.6;453.82;3.9;19.67;-14.16;-31.79;-3.7;18
RVTY;109.47;118.52;125.46;102.27;106.9;-7.64;-12.75;7.04;2.4;-3.72;18
CPB;43.52;46.29;46.12;44.61;43.2;-5.98;-5.64;-2.44;0.74;-3.86;18
KDP;31.24;32.75;33.86;33.05;30.63;-4.61;-7.74;-5.48;1.99;-4.09;17
HAL;30.45;27.58;34.31;36.89;34.94;10.41;-11.25;-17.46;-12.85;-4.15;17
BDX;224.1;232.64;239.13;231.78;234.98;-3.67;-6.29;-3.31;-4.63;-4.31;17
AVY;198.31;206.2;215.13;214.77;196.33;-3.83;-7.82;-7.66;1.01;-4.43;17
SJM;109.39;111.39;114.67;110.71;125.61;-1.8;-4.6;-1.19;-12.91;-4.46;17
GPC;124.19;113.86;145.03;153.96;136.36;9.07;-14.37;-19.34;-8.92;-4.9;16
LKQ;37.77;36.23;40.59;41.94;45.09;4.25;-6.95;-9.94;-16.23;-4.92;16
PEP;158.33;164.82;170.02;171.9;163.44;-3.94;-6.88;-7.89;-3.13;-5.16;16
IFF;86.61;99.04;98.68;83.57;78.87;-12.55;-12.23;3.64;9.81;-4.78;16
A;126.92;130.1;140.91;136.35;129.22;-2.44;-9.93;-6.92;-1.78;-4.7;16
TER;104.15;106.11;130.92;115.97;96.19;-1.85;-20.45;-10.19;8.28;-5.21;15
GIS;62.88;67.45;65.94;68.62;62.64;-6.78;-4.64;-8.36;0.38;-5.24;15
LLY;726.0;827.21;800.46;776.04;640.24;-12.24;-9.3;-6.45;13.39;-5.37;15
HRL;29.4;30.27;31.53;34.63;29.31;-2.87;-6.76;-15.1;0.31;-5.46;15
ADM;52.71;54.74;60.99;57.15;53.82;-3.71;-13.58;-7.77;-2.06;-6.17;15
WST;307.01;307.73;305.77;356.82;371.92;-0.23;0.41;-13.96;-17.45;-6.29;14
MGM;37.15;36.87;42.97;39.44;43.37;0.76;-13.54;-5.81;-14.34;-6.43;14
NUE;147.25;141.33;161.79;166.87;184.53;4.19;-8.99;-11.76;-20.2;-6.51;14
ARE;105.22;110.35;114.73;112.19;115.91;-4.65;-8.29;-6.21;-9.22;-6.6;14
NXPI;220.19;233.47;261.07;253.06;207.04;-5.69;-15.66;-12.99;6.35;-6.74;14
ABBV;166.28;202.25;182.18;158.4;158.6;-17.78;-8.73;4.97;4.84;-6.9;13
TECH;66.79;73.59;81.34;62.94;69.92;-9.24;-17.89;6.12;-4.48;-6.95;13
SWK;86.58;92.2;103.8;89.02;90.06;-6.1;-16.59;-2.74;-3.86;-7.08;13
ABNB;132.19;134.79;139.56;158.57;144.14;-1.93;-5.28;-16.64;-8.29;-6.81;13
FMC;55.23;64.42;57.26;57.36;54.13;-14.27;-3.55;-3.71;2.03;-6.75;13
CAG;26.61;28.27;29.61;29.72;27.46;-5.87;-10.13;-10.46;-3.1;-7.09;12
CSGP;73.35;72.79;78.02;91.53;83.48;0.77;-5.99;-19.86;-12.13;-7.29;12
ON;66.48;70.49;78.25;70.16;71.13;-5.69;-15.04;-5.25;-6.54;-7.64;12
IDXX;419.83;406.92;476.12;492.76;515.08;3.17;-11.82;-14.8;-18.49;-7.75;12
AOS;72.15;74.76;84.34;81.84;76.38;-3.49;-14.45;-11.84;-5.54;-7.76;12
DVN;38.77;38.25;46.16;49.76;40.15;1.36;-16.01;-22.09;-3.44;-7.76;11
DHR;230.06;245.42;276.51;245.85;238.91;-6.26;-16.8;-6.42;-3.7;-7.89;11
AMAT;170.73;181.23;211.41;197.57;163.06;-5.79;-19.24;-13.59;4.7;-7.94;11
LYB;83.2;85.67;96.78;96.07;89.25;-2.88;-14.03;-13.4;-6.78;-7.99;11
HSY;168.63;174.93;193.23;188.4;186.89;-3.6;-12.73;-10.49;-9.77;-8.04;11
CZR;36.54;40.05;39.95;35.82;43.87;-8.76;-8.54;2.01;-16.71;-8.15;10
KLAC;618.54;663.17;817.63;683.22;587.19;-6.73;-24.35;-9.47;5.34;-8.39;10
MDLZ;63.84;68.05;67.48;70.6;73.43;-6.19;-5.39;-9.58;-13.06;-8.08;10
AMD;138.93;144.07;144.48;158.38;167.69;-3.57;-3.84;-12.28;-17.15;-8.08;10
CVS;56.05;55.84;59.0;65.58;71.38;0.38;-5.0;-14.53;-21.48;-8.05;10
PARA;10.61;10.89;11.31;11.23;14.34;-2.57;-6.19;-5.52;-26.01;-8.57;9
IPG;27.52;29.1;31.51;29.5;31.65;-5.43;-12.66;-6.71;-13.05;-8.66;9
PFE;24.48;27.87;29.21;24.51;25.18;-12.16;-16.19;-0.12;-2.78;-8.68;9
TFX;194.08;200.41;219.84;207.42;240.88;-3.16;-11.72;-6.43;-19.43;-8.78;9
OXY;50.91;49.9;60.34;65.38;56.73;2.02;-15.63;-22.13;-10.26;-8.8;9
AMGN;276.55;315.42;325.24;265.91;302.66;-12.32;-14.97;4.0;-8.63;-8.85;8
CRL;187.5;178.58;244.1;229.0;216.28;4.99;-23.19;-18.12;-13.31;-8.93;8
INTC;24.84;21.38;30.42;30.07;42.37;16.18;-18.34;-17.39;-41.37;-8.95;8
NKE;74.89;76.79;74.24;91.17;99.99;-2.47;0.88;-17.86;-25.1;-9.4;8
MOS;25.81;26.55;29.33;30.72;29.88;-2.79;-12.0;-15.98;-13.62;-9.44;8
DXCM;76.27;70.48;67.82;127.39;121.35;8.22;12.46;-40.13;-37.15;-9.68;7
HUM;271.35;257.12;359.73;299.76;374.4;5.53;-24.57;-9.48;-27.52;-10.1;7
KHC;31.07;33.08;34.41;37.3;35.47;-6.08;-9.71;-16.7;-12.4;-10.19;7
BAX;33.02;35.43;35.24;39.44;37.5;-6.8;-6.3;-16.28;-11.95;-9.63;7
MTD;1174.56;1291.75;1521.03;1229.7;1197.19;-9.07;-22.78;-4.48;-1.89;-9.46;7
TMO;501.29;545.97;612.53;567.6;537.55;-8.18;-18.16;-11.68;-6.75;-10.59;6
ULTA;353.35;368.98;364.89;404.84;502.05;-4.24;-3.16;-12.72;-29.62;-10.8;6
LRCX;70.57;72.1;89.16;86.38;79.48;-2.12;-20.85;-18.3;-11.21;-10.92;6
IQV;191.04;205.82;246.23;231.77;208.23;-7.18;-22.41;-17.57;-8.26;-12.52;6
MOH;292.19;321.22;341.27;342.1;356.44;-9.04;-14.38;-14.59;-18.03;-13.02;6
MRK;96.56;101.64;111.71;126.79;117.66;-5.0;-13.56;-23.84;-17.93;-13.07;5
HII;196.3;184.11;277.25;272.99;253.85;6.62;-29.2;-28.09;-22.67;-13.34;5
ELV;400.7;404.54;528.83;523.7;487.39;-0.95;-24.23;-23.49;-17.79;-13.48;5
DOW;44.22;48.74;53.11;54.79;50.91;-9.27;-16.74;-19.29;-13.14;-13.54;5
SWKS;83.99;87.01;112.06;104.45;101.63;-3.47;-25.05;-19.59;-17.36;-13.79;5
CNC;58.83;62.26;76.92;73.06;75.31;-5.51;-23.52;-19.48;-21.88;-15.18;4
BA;143.87;149.31;190.6;167.84;211.04;-3.64;-24.52;-14.28;-31.83;-15.58;4
REGN;762.0;838.2;1079.19;890.66;942.78;-9.09;-29.39;-14.45;-19.18;-16.24;4
CDW;178.07;187.72;216.95;239.97;224.31;-5.14;-17.92;-25.79;-20.61;-14.92;4
MTCH;30.51;36.03;38.14;30.82;38.38;-15.32;-20.01;-1.01;-20.51;-14.43;4
APA;22.46;23.37;30.64;30.65;30.29;-3.89;-26.7;-26.72;-25.85;-17.41;3
AKAM;85.96;101.08;98.28;100.93;123.23;-14.96;-12.54;-14.83;-30.24;-17.51;3
MPWR;587.84;758.27;860.59;666.14;598.91;-22.48;-31.69;-11.75;-1.85;-18.05;3
AES;13.6;16.16;17.43;17.37;16.02;-15.84;-21.97;-21.7;-15.11;-18.09;3
MCHP;65.25;72.97;87.88;90.56;83.43;-10.58;-25.75;-27.95;-21.79;-19.33;3
QRVO;66.32;71.26;119.8;116.84;99.74;-6.93;-44.64;-43.24;-33.51;-27.05;2
DG;77.09;79.48;119.01;137.08;129.5;-3.01;-35.22;-43.76;-40.47;-25.09;2
DLTR;66.53;64.64;104.34;118.25;130.62;2.92;-36.24;-43.74;-49.07;-24.64;2
BIIB;157.94;174.0;213.2;214.82;246.66;-9.23;-25.92;-26.48;-35.97;-21.37;2
APTV;52.71;56.83;69.39;71.0;81.33;-7.25;-24.04;-25.76;-35.19;-19.9;2
WBA;8.4;8.97;11.1;16.39;20.38;-6.35;-24.32;-48.75;-58.78;-28.91;1
EL;64.57;68.44;98.35;144.21;129.06;-5.65;-34.35;-55.23;-49.97;-30.17;1
ENPH;62.4;83.04;115.11;108.76;104.13;-24.86;-45.79;-42.63;-40.07;-35.64;1
CE;73.0;125.28;139.67;150.61;143.43;-41.73;-47.73;-51.53;-49.1;-46.36;1
MRNA;39.51;54.36;119.22;110.31;101.05;-27.32;-66.86;-64.18;-60.9;-49.32;1
SMCI;21.54;29.11;70.17;85.88;52.96;-26.0;-69.3;-74.92;-59.33;-51.11;1
